Label,count,mean,std,min,25%,50%,75%,max
0,9149.0,22.310344215489653,70.10912617757566,1.264355147336495,4.553308612290517,8.591891601724381,19.524703001006127,3301.8021139001917
1,851.0,18.663526172132972,106.91604913335782,1.7418284943151388,4.514156150389048,7.748731893047823,14.979759357806355,3031.971369220453
